rule_id,source_document_type,posting_trigger,example_debit_account_categories,example_credit_account_categories,amount_basis,subledger_effect,tax_provider_effect,required_gate_conditions,immutable_lineage,reversal_or_correction_rule,accountant_approval_gate,accountant_decisions_required,backend_readiness
FIN-V24-001,SALES_INVOICE,"Approved sales invoice version becomes POSTING_READY","Accounts Receivable; rounding loss if approved","Revenue; Output VAT Payable; rounding gain if approved","Approved supply amount plus VAT in transaction and base currency","Create AR open item for customer and due date","Tax document remains separate; link provider request/callback without duplicate posting","Authenticated company; FINANCE_ACCESS; independent approval where required; active CoA/rule version; open period; customer/project/tax dimensions; balanced amounts; revision; idempotency","Source invoice ID/version; approval snapshot; posting request; journal; AR open item; projectId","Reverse original journal then post corrected invoice version; never edit posted lines",ACCOUNTANT_APPROVAL_REQUIRED,"Revenue recognition point; revenue/VAT/rounding accounts; tax rate and rounding; required project/cost-center dimensions; credit-note policy",BLOCKED_BY_ACCOUNTANT_DECISION
FIN-V24-002,PURCHASE_INVOICE,"Approved purchase invoice version becomes POSTING_READY","Expense or Inventory or Asset; Input VAT Receivable when deductible","Accounts Payable; rounding gain if approved","Approved net supply and deductible/non-deductible tax policy","Create AP open item for vendor and due date","Received tax document reconciles to source; provider state does not imply posting","Authenticated company; FINANCE_ACCESS; approved source; active vendor; READY evidence; active CoA/rule; open period; tax deductibility validation; revision; idempotency","Source purchase ID/version; evidence versions; approval snapshot; posting request; journal; AP open item; projectId","Reverse original journal then post corrected source version; provider cancellation handled separately",ACCOUNTANT_APPROVAL_REQUIRED,"Expense/asset capitalization rules; input VAT deductibility; AP/control/rounding accounts; evidence requirements; accrual date",BLOCKED_BY_ACCOUNTANT_DECISION
FIN-V24-003,EXPENSE_APPROVAL,"Final approved expense claim passes posting policy","Expense category; Input VAT Receivable if deductible","Employee Payable or Corporate Card Payable or Cash Clearing","Approved reimbursable amount with policy-approved VAT split","Create AP/open payable item unless already paid under approved policy","Card/tax provider evidence may enrich reconciliation but cannot create success or journal alone","Authenticated company; claimant and company match; final approval snapshot; READY receipt/evidence; expense policy; active account mapping; open period; no self-approval where prohibited; revision; idempotency","Expense claim/version; approval document/snapshot; evidence versions; posting request; journal; payable item; projectId","Rejected claim has no posting; correction reverses posted journal and uses a new claim revision",ACCOUNTANT_APPROVAL_REQUIRED,"Expense category mapping; deductible VAT; employee/card payable accounts; reimbursement timing; approval thresholds; non-deductible treatment",BLOCKED_BY_ACCOUNTANT_DECISION
FIN-V24-004,INCOMING_PAYMENT,"Confirmed receipt or reconciled bank credit becomes POSTING_READY","Bank or Cash Clearing","Accounts Receivable; Customer Advance Liability; approved difference account","Confirmed receipt amount and currency; allocated amount cannot exceed available amount","Allocate receipt to one or more AR open items; residual may remain unapplied","Bank provider event remains pending until verified/reconciled; no live balance or receipt false-success","Authenticated company; FINANCE_ACCESS; verified payment source; bank/cash account; open period; customer/currency validation; allocation residual check; revision; idempotency","Receipt ID/version; provider/reconciliation reference; posting request; journal; allocation IDs; customer/project source refs","Unallocation is audited; accounting correction reverses receipt journal and posts replacement under policy",ACCOUNTANT_APPROVAL_REQUIRED,"Cash/bank/clearing accounts; customer advance treatment; bank fee and FX difference policy; allocation date; unapplied receipt policy",BLOCKED_BY_ACCOUNTANT_DECISION
FIN-V24-005,OUTGOING_PAYMENT,"Approved payment execution or reconciled bank debit becomes POSTING_READY","Accounts Payable; Supplier Advance Asset; approved fee account","Bank or Cash Clearing","Confirmed paid amount and currency; allocation cannot exceed payment or AP residual","Allocate payment to one or more AP open items; residual may remain unapplied","Bank provider acknowledgement is not posting until verified and reconciled","Authenticated company; FINANCE_ACCESS; payment approval; verified execution evidence; open period; supplier/currency validation; allocation residual check; revision; idempotency","Payment ID/version; approval snapshot; provider/reconciliation ref; posting request; journal; allocation IDs; project source refs","Cancellation and bank return are separate events; reverse and repost rather than edit posted journal",ACCOUNTANT_APPROVAL_REQUIRED,"Bank/clearing/advance accounts; fee/FX treatment; allocation and payment date; approval threshold; returned-payment policy",BLOCKED_BY_ACCOUNTANT_DECISION
FIN-V24-006,TAX_INVOICE,"Provider issue/receipt event is reconciled to its approved source document","No new debit when source invoice already posted; Accounts Receivable only when an approved tax-document-as-source policy applies","No new credit when source invoice already posted; Revenue and Output VAT only when approved tax-document-as-source policy applies","Provider-confirmed supply and tax amounts must reconcile to source; never post twice","No independent AR/AP item by default; reuse source invoice open item","Persist provider request/reference; NTS reference; callbacks; cancellation and reconciliation states; server-only credential","Authenticated company; provider capability READY; approved immutable request; callback authenticity/replay checks; source/journal duplicate check; tax-period policy; revision; idempotency","Tax document/version; source invoice/version; provider request/callback refs; NTS ref; reconciliation result; optional posting request","Provider cancellation does not mutate journal; follow approved tax amendment plus accounting reversal/correction policy",ACCOUNTANT_APPROVAL_REQUIRED,"Whether tax document can be accounting source; taxable/zero/exempt/non-deductible mapping; VAT accounts; issue/amend/cancel timing; rounding; provider selection",BLOCKED_BY_ACCOUNTANT_DECISION
FIN-V24-007,OPENING_BALANCE,"Approved cutover batch passes reconciliation and becomes POSTING_READY","Asset and expense opening accounts with debit balances; balancing account only per approved cutover design","Liability equity and revenue opening accounts with credit balances; balancing account only per approved cutover design","Accountant-approved trial balance at cutover date in base and transaction currency","Create opening AR/AP items with partner and due-date detail that reconcile to control accounts","No provider side effect; imported tax/provider references remain source metadata only","Dedicated opening-balance capability; two-person approval; approved CoA version; first open period; reconciled trial balance; partner/project dimensions; zero net imbalance; READY source file; revision; idempotency","Cutover batch/version; source file checksum/version; accountant approval ref; posting request; journal; opening open items","Never edit posted opening journal; approved correction uses reversal/adjustment according to cutover and period policy",ACCOUNTANT_APPROVAL_REQUIRED,"Cutover date; opening clearing/retained earnings; comparative periods; AR/AP detail; FX rates; tax balances; reconciliation sign-off",BLOCKED_BY_ACCOUNTANT_DECISION
FIN-V24-008,MANUAL_ADJUSTMENT,"Authorized adjustment request receives required approval and becomes POSTING_READY","Policy-selected account categories based on documented adjustment","Policy-selected offset account categories based on documented adjustment","Approved amount; debit and credit must balance in base currency","Create or modify open items only when the approved adjustment type explicitly requires it","No provider effect unless separate approved reconciliation workflow links it","FINANCE_POST plus adjustment capability; independent approval; mandatory reason/evidence; active accounts/rule; allowed period; required dimensions; balanced lines; revision; idempotency","Adjustment request/version; approval snapshot; evidence versions; posting request; journal; affected source/open-item refs","Correction uses reversal and replacement adjustment; posted lines remain immutable",ACCOUNTANT_APPROVAL_REQUIRED,"Allowed adjustment types; manual journal roles; materiality thresholds; account/dimension rules; tax effect; close-adjustment policy",BLOCKED_BY_ACCOUNTANT_DECISION
FIN-V24-009,REVERSAL,"Authorized reversal request targets one posted unreversed journal","Original credit account categories become reversal debits","Original debit account categories become reversal credits","Exact original base amounts and line dimensions unless approved FX/current-period policy dictates explicit difference lines","Reverse related open-item effects or create linked counter-items; allocation state corrected through audited workflow","Provider cancellation is linked but does not by itself authorize accounting reversal","FINANCE_REVERSE; original journal same company; reason; approval/step-up when required; allowed reversal period; no prior effective reversal; revision; idempotency","Original journal; reversal request/version; approval ref; reversal journal; source and provider cancellation refs","Creates a new linked journal with swapped debit/credit; original remains POSTED and immutable; corrected transaction posts separately",ACCOUNTANT_APPROVAL_REQUIRED,"Reversal date; same-period vs current-period policy; FX/rounding differences; tax amendment dependency; approval/materiality thresholds",BLOCKED_BY_ACCOUNTANT_DECISION
